lot of money,idsync1
list of gst,idsync2
people at work,idsync3
noise in facebook,idsync4
story on paper,idsync5
budjet for rosmah,idsync6
tone of voice,idsync7
position as pm,idsync8
cache afro hair,idsync9
trick for fraud,idsync10
budget of commotion,idsync11
joy of torture,idsync12
budget on paper,idsync13
eyes of people,idsync14
victims of head,idsync15
needs of rosmah,idsync16
sick of strategy,idsync17
sweet like sugar,idsync18
"cost of living,",idsync19
kow next year,idsync20
company for months,idsync21
pair of shoes,idsync22
salaries of thousands,idsync23
day after tomorrow,idsync24
government for government,idsync25
need for najib,idsync26
people in clown,idsync27
promise of heaven,idsync28
lot of pee,idsync29
millions of people,idsync30
ray of hope,idsync31
release of wrath,idsync32
budget for donations,idsync33
history of malaysia,idsync34
cost of living,idsync35
kind of electricity,idsync36
votes of bait,idsync37
ferrari oh thank,idsync38
prices of goods,idsync39
price of goods,idsync40
pushes for pay,idsync41
line with cost,idsync42
money through debt,idsync43
provision of management,idsync44
money on cronies,idsync45
rise in house,idsync46
prices in order,idsync47
cost of living,idsync48
standard in malaysia,idsync49
sarawak in children,idsync50
article at ha,idsync51
stepchildren by umno,idsync52
people of sarawak,idsync53
kena for identification,idsync54
value of waste,idsync55
type of house,idsync56
kinds of dementia,idsync57
kind of salary,idsync58
dignity with stamp,idsync59
government under najib,idsync60
cost of living,idsync61
bit of order,idsync62
people of malaysia,idsync63
gst from april,idsync64
line with umno,idsync65
states of sabah,idsync66
concept of malaysia,idsync67
value of rm,idsync68
price of goods,idsync69
lives of thousands,idsync70
rm in aid,idsync71
back of people's,idsync72
government of sabah,idsync73
difference in salary,idsync74
line with peninsula,idsync75
stepdaughter by stamp,idsync76
prices of goods,idsync77
peninsula in malaysia,idsync78
puppet of buffalo,idsync79
bill of schoolchildren,idsync80
budget in line,idsync81
sarawak in malaysia,idsync82
citizens of malaysians,idsync83
millions of years,idsync84
donor in terms,idsync85
stepchild of malaysia,idsync86
peninsula of malaysia,idsync87
task as leader,idsync88
salaries in chapati,idsync89
source of money,idsync90
messy after creeps,idsync91
allocation for education,idsync92
funds on pilgrimage,idsync93
downturn of money,idsync94
result of governance,idsync95
dozens of universities,idsync96
future of quality,idsync97
interests of cronies,idsync98
people in contact,idsync99
pockets of people,idsync100
shop on campus,idsync101
situation of money,idsync102
economy on track,idsync103
stretch of time,idsync104
student for night,idsync105
kind of education,idsync106
bit of shopping,idsync107
fees of government,idsync108
kind of minister,idsync109
tax on excise,idsync110
goods because gst,idsync111
kah per try,idsync112
gst on hold,idsync113
tax on people,idsync114
excuse after excuse,idsync115
suction of blood,idsync116
source of income,idsync117
issues of cis,idsync118
country with luck,idsync119
people for money,idsync120
deficit for leakages,idsync121
deficit of air,idsync122
decades of study,idsync123
kind of talk,idsync124
lot of people,idsync125
face of sharks,idsync126
purpose in view,idsync127
fact that people,idsync128
variety of tax,idsync129
plight of congratulations,idsync130
terms of tax,idsync131
terms of people,idsync132
mouth of najib,idsync133
news of najib,idsync134
countries of laos,idsync135
salaries of ministers,idsync136
tax of shit,idsync137
day of death,idsync138
chapter of intoxication,idsync139
kind of fatwa,idsync140
kind of weird,idsync141
kind of bullshit,idsync142
tax for gst,idsync143
removal of subsidies,idsync144
kinds of beans,idsync145
clutter in malaysia,idsync146
prices of goods,idsync147
realm of fantasy,idsync148
contact with jack,idsync149
congratulations on paper,idsync150
connector that scrape,idsync151
kinds of sentences,idsync152
joke between continents,idsync153
king of comedy,idsync154
leaders in malaysia,idsync155
leaders of islam,idsync156
feeling like bawdy,idsync157
wall of china,idsync158
win over haha,idsync159
tax from liquor,idsync160
revenues by liquor,idsync161
verse of islam's,idsync162
islam in malaysia,idsync163
economy in malaysia,idsync164
millions of tax,idsync165
example of qatar,idsync166
flood of news,idsync167
"soul of islam,",idsync168
lot of money,idsync169
haha laugh brother,idsync170
brim that money,idsync171
salary of rm,idsync172
business in malaysia,idsync173
name of islam,idsync174
talk next week,idsync175
ants than elephants,idsync176
time for change,idsync177
